Data_A,Data_B,PII_Data
data1,data26,pii_data1
data2,data27,pii_data2
data3,data28,pii_data3
data4,data29,pii_data4
data5,data30,pii_data5
data6,data31,pii_data6
data7,data32,pii_data7
data8,data33,pii_data8
data9,data34,pii_data9
data10,data35,pii_data10
data11,data36,pii_data11
data12,data37,pii_data12
data13,data38,pii_data13
data14,data39,pii_data14
data15,data40,pii_data15
data16,data41,pii_data16
data17,data42,pii_data17
data18,data43,pii_data18
data19,data44,pii_data19
data20,data45,pii_data20
data21,data46,pii_data21
data22,data47,pii_data22
data23,data48,pii_data23
data24,data49,pii_data24
data25,data50,pii_data25